Categoría,Producto,Origen,Proveedor,Precio,Unidad
Fruta,Fruta para untar de melocotón Pura Fruta Helios sin gluten 250 g.,España,HELIOS,3.15 €,"12,60 €/kg"
Fruta,Fruta para untar de fresa Pura Fruta Helios sin gluten 250 g.,España,HELIOS,3.15 €,"12,60 €/kg"
Fruta,Fruta para untar de arándano Pura Fruta Helios sin gluten 250 g.,España,HELIOS,3.89 €,"15,56 €/kg"
Fruta,Cóctel fruta tropical deshidratada Carrefour tarrina 200 g,España,CARREFOUR,3.05 €,"15,25 €/kg"
Fruta,Bolsita de fruta mediterránea Mi Futa Hero sin gluten y sin azúcar añadido 100 g.,España,HERO,1.21 €,"12,10 €/kg"
Fruta,Bolsita de fruta tropical Hero Mi Fruta sin gluten 100 g.,España,HERO,1.21 €,"12,10 €/kg"
Fruta,Zumo de fruta y leche Carrefour Tropical sin lactosa pack de 6 briks de 20 cl.,Francia,CARREFOUR,2.25 €,"1,87 €/l"
Fruta,Bolsita de fruta y galleta Nestlé Party Fruits sin azúcar añadido 110 g.,Desconocido,NESTLE,1.25 €,"11,36 €/kg"
Fruta,Zumo de fruta y leche Carrefour Tropical pack de 6 briks de 20 cl.,Francia,CARREFOUR,1.2 €,1 €/l
Fruta,Zumo de fruta y leche Carrefour Mediterráneo pack de 3 briks de 33 cl.,Francia,CARREFOUR,0.99 €,1 €/l
Fruta,Bebida de fruta de piña Juver brik 2 l.,España,JUVER,2.19 €,"1,09 €/l"
Fruta,Bebida de fruta naranja y mango Granini Selección Mix botella 1 l.,Desconocido,GRANINI,3.25 €,"3,25 €/l"
Fruta,"Bebida de fruta granada y manzana Granini Selección Mix botella 1 l. 
",España,GRANINI,3.19 €,"3,19 €/l"
Fruta,Cereales con fruta Cruesli Quaker 375 g.,Desconocido,QUAKER,5.65 €,"15,07 €/kg"
Fruta,Bebida de fruta zanahoria y naranja Granini sin azúcares añadidos botella 1 l.,España,GRANINI,3.25 €,"3,25 €/l"
Fruta,Bebida de fruta arándanos y uva Granini sin azúcares añadidos botella 1 l.,España,GRANINI,3.25 €,"3,25 €/l"
Fruta,Bebida de fruta de arándano rojo Carrefour Sensation brik 1 l.,Francia,CARREFOUR,2.45 €,"2,45 €/l"
Fruta,Zumo de fruta y leche Don Simón Caribe pack de 6 briks de 20 cl.,España,DON SIMON,1.5 €,"1,25 €/l"
Fruta,Barritas de fruta y frutos secos con cacao nakd sin azúcar añadido 140 g.,Desconocido,NAKD,3.55 €,"25,36 €/kg"
Fruta,Bebida de fruta de naranja y mango con extracto de guaraná Juver brik 33 cl.,España,JUVER,1.07 €,"3,24 €/l"
Fruta,Bebida de fruta piña Juver sin azúcar añadido pack de 6 briks de 20 cl.,España,DISFRUTA,2.99 €,"2,49 €/l"
Fruta,Bebida de fruta melocotón sin azúcar añadido Juver-disfruta pack de 6 brik de 20 cl.,España,DISFRUTA,2.99 €,"2,49 €/l"
Fruta,Bebida de fruta naranja sin azúcar añadido Juver-Disfruta pack de 6 brik de 20 cl.,España,DISFRUTA,2.99 €,"2,49 €/l"
Fruta,Bebida de fruta multivitamínico Capri-Sun 20 cl.,Desconocido,CAPRI-SUN,0.74 €,"3,70 €/l"
Fruta,Bebida de fruta melocotón Carrefour Classic sin azúcares añadidosbrik 1 l.,Francia,CARREFOUR,1.12 €,"1,12 €/l"
Fruta,Bebida de fruta frutos rojos Carrefour Classic brik 1 l.,Francia,CARREFOUR,1.86 €,"1,86 €/l"
Fruta,Barritas de fruta con frutos secos y sal Carrefour Sensation sin azúcar añadido 120 g.,España,CARREFOUR,2.59 €,"21,58 €/kg"
Fruta,Zumo de fruta y leche Don Simón Caribe zero pack de 6 briks de 20 cl.,España,DON SIMON,1.5 €,"1,25 €/l"
Fruta,Bebida de fruta piña Carrefour Classic´ sin azúcar añadido brik 1 l.,Francia,CARREFOUR,1.1 €,"1,10 €/l"
Fruta,Bebida de fruta guayaba Carrefour Classic´ sin azúcar añadido brik 1 l.,Francia,CARREFOUR,1.4 €,"1,40 €/l"
Fruta,Barritas de fruta para canarios Vitakraft 2 ud,Desconocido,VITAKRAFT,1.67 €,"0,83 €/ud"
Fruta,Granada Carrefour a granel 1 kg aprox,España,CARREFOUR,2.95 €,"2,95 €/kg"
Fruta,Mix de frutos secos y fruta deshidratada Carrefour 250 g,España,CARREFOUR,4.99 €,"19,96 €/kg"
Fruta,Castaña malla 750 g,España,CARREFOUR,5.51 €,"7,35 €/kg"
Fruta,Membrillo a granel 1 kg aprox,Desconocido,Desconocido,2.19 €,"2,19 €/kg"
Fruta,Castaña a granel 1 kg aprox,Desconocido,Desconocido,7.15 €,"7,15 €/ud"
Fruta,Kaki sharoni 1 kg aprox,Desconocido,Desconocido,4.95 €,"4,95 €/kg"
Fruta,Caqui Carrefour 1kg aprox,España,CARREFOUR,2.32 €,"2,32 €/kg"
Fruta,Uva roja sin pepitas Carrefour El Mercado 500 g aprox,España,CARREFOUR,2.74 €,"5,49 €/kg"
Fruta,Uva bicolor sin pepitas Carrefour El Mercado 500 g aprox,España,CARREFOUR,2.99 €,"5,99 €/kg"
Verdura,Verdura para paella congelada Carrefour 450 g.,Francia,CARREFOUR,1.27 €,"2,82 €/kg"
Verdura,Braseado Verdura con pollo Carrefour 450 g.,España,CARREFOUR,2.45 €,"5,44 €/kg"
Verdura,Tarrito de verdura con merluza desde 6 meses ecológico Smileat sin gluten 230 g.,España,SMILEAT,2.59 €,"11,26 €/kg"
Verdura,Verduras para Wok mediterráneo Carrefour 400 g,España,CARREFOUR,2.49 €,"6,23 €/kg"
Verdura,Verduras asadas en horno de leña 290 g,España,MARCA NACIONAL SIN MARCA,2.9 €,10 €/kg
Verdura,Salteado de verduras con quinoa Carretilla sin gluten 250 g.,España,CARRETILLA,3.75 €,15 €/kg
Verdura,"Espinacas con Garbanzos, Pasas y Piñones 250 g",España,CARREFOUR,3.5 €,14 €/kg
Verdura,Guisantes salteados con jamón ibérico 250 g,España,CARREFOUR,3.75 €,15 €/kg
Verdura,Arroz con mucho pavo Alinut 240 g.,España,FRIPOZO,1.84 €,"7,67 €/kg"
Verdura,"Ratatouille de berenjena, calacín y pimiento Bonduelle 375 g.",Francia,BONDUELLE,4.35 €,"11,60 €/kg"
Verdura,"Pienso de atún, salmón cereales y verdura para gato adulto Brekkies Excel 900 g",España,BREKKIES EXCEL,4.45 €,"4,94 €/kg"
Verdura,Hoja de roble verde Verduras Curro 200 g aprox,España,Desconocido,1.49 €,"1,49 €/ud"
Verdura,Menestra de verduras ecológicas Carrefour Bio 600 g.,Francia,CARREFOUR BIO,3.15 €,"5,25 €/kg"
Verdura,Menestra de verduras Carrefour Classic' 1 kg.,Francia,CARREFOUR,1.83 €,"1,83 €/kg"
Verdura,Menestra de verduras Findus 1 kg.,España,FINDUS,5.09 €,"5,09 €/kg"
Verdura,Mix de verduras para wok ecológicas Carrefour Bio 600 g.,Francia,CARREFOUR BIO,2.85 €,"4,75 €/kg"
Verdura,Salteado verduras receta tradicional Findus-Salteados 500 g.,España,FINDUS,4.39 €,"8,78 €/kg"
Verdura,Salteado de verduras receta campestre Findus-Salteados 500 g.,España,FINDUS,4.39 €,"8,78 €/kg"
Verdura,Crema de verduras mediterráneas Classic Carrefour sin gluten 500 ml.,España,CARREFOUR,0.97 €,"1,94 €/l"
Verdura,Desinfectante para lavar frutas y verduras Carrefour Soft 750 ml.,España,CARREFOUR SOFT,2.25 €,3 €/l
Verdura,Surtido de setas Carrefour 450 g.,Francia,CARREFOUR,1.61 €,"3,58 €/kg"
Verdura,Pimiento tricolor Carrefour 3 ud 600 g,España,CARREFOUR,1.86 €,"3,10 €/kg"
Verdura,Brotes de espinacas ecológicas Vitacress 150 g,Desconocido,Desconocido,2.49 €,"16,60 €/kg"
Verdura,Ensalada cuatro estaciones Carrefour 250 g,España,CARREFOUR,0.79 €,"3,16 €/kg"
Verdura,Ensalada del huerto Carrefour Bon Appétit 400 g,España,CARREFOUR,1.99 €,"4,97 €/kg"
Verdura,Sopa Juliana Carrefour El Mercado 400 g,España,CARREFOUR,1.89 €,"4,72 €/kg"
Verdura,Ensalada variada Carrefour El Mercado 320 g,España,CARREFOUR,1.59 €,"4,97 €/kg"
Verdura,Rúcula y canónigo Carrefour El Mercado 100 g,España,CARREFOUR,1.35 €,"13,50 €/kg"
Verdura,Patatas Original Crinkle McCain 750 g.,Desconocido,MCCAIN,4.25 €,"5,67 €/kg"
Verdura,Brotes de soja verde Fanya 200 g,España,Desconocido,2.15 €,"10,75 €/kg"
Verdura,Tomate natural rallado Carrefour 230 g,España,CARREFOUR,0.98 €,"4,26 €/kg"
Verdura,Brotes espinacas Carrefour El Mercado 100 g,España,CARREFOUR,1 €,10 €/kg
Verdura,Lechuga iceberg Carrefour 1 ud,España,CARREFOUR,0.79 €,"1,44 €/kg"
Verdura,Cogollos Carrefour 400 g,España,CARREFOUR,0.96 €,"2,40 €/kg"
Verdura,Zanahoria Círculo de Calidad 125 g,España,CIRCULO DE CALIDAD,1.19 €,"9,52 €/kg"
Verdura,Espinaca troceada Carrefour El Mercado 300 g,España,CARREFOUR,1.25 €,"4,17 €/kg"
Verdura,Canónigos Carrefour El Mercado 125 g,España,CARREFOUR,1.21 €,"9,68 €/kg"
Verdura,Ensalada gourmet Carrefour El Mercado 200 g,España,CARREFOUR,1.25 €,"6,25 €/kg"
Verdura,Ensalada xtreme pollo crispy Florette 210 g,España,Desconocido,3.89 €,"18,52 €/kg"
Verdura,Aguacate con queso de cabra Carrefour El Mercado 125 g,España,CARREFOUR,2.19 €,"17,52 €/kg"
Carne (Aves),Pollo entero en trozos Carrefour 2 kg aprox,España,CARREFOUR,7.78 €,"3,89 €/kg"
Carne (Aves),"Pollo entero Carrefour El Mercado 2,5 kg aprox",Desconocido,EL MERCADO,8.75 €,"3,50 €/kg"
Carne (Aves),Pollo certificado limpio Carrefour 2 kg,España,CARREFOUR,9.78 €,"4,89 €/kg"
Carne (Aves),"Pollo campero limpio Círculo de Calidad 1,6 kg aprox",Desconocido,CIRCULO DE CALIDAD,10.7 €,"6,69 €/kg"
Carne (Aves),Pollo asado al horno relleno en lonchas La Carloteña sin gluten 150 g,España,Desconocido,2.65 €,"17,67 €/kg"
Carne (Aves),Pechuga de pollo certificado en filetes Carrefour 500 g aprox,España,CARREFOUR,4.72 €,"9,44 €/kg"
Carne (Aves),Pechuga de pollo al horno en tiras Carrefour sin gluten 140 g.,España,CARREFOUR,2.25 €,"16,07 €/kg"
Carne (Aves),Pollo relleno al corte La Carloteña 150 g aprox,Desconocido,Desconocido,2.32 €,"15,49 €/kg"
Carne (Aves),"Pollo asado troceado 1,3 kg aprox",España,CARREFOUR,8.38 €,"6,45 €/kg"
Carne (Aves),Pollo asado entero Granja Gourmet 2 kg aprox,España,CARREFOUR,5.5 €,"5,50 €/kg"
Carne (Aves),Pollo al curry con arroz 280 g,España,CARREFOUR,2.85 €,"10,18 €/kg"
Carne (Aves),Pollo asado sazonado 1 kg,España,CARREFOUR,10.95 €,"10,95 €/ud"
Carne (Aves),Delicias de pollo Carrefour El Mercado 600 g aprox,Desconocido,EL MERCADO,3.59 €,"5,99 €/kg"
Carne (Aves),Mollejas de pollo Carrefour El Mercado 450 g aprox,Desconocido,EL MERCADO,2.41 €,"5,35 €/kg"
Carne (Aves),Pechuga de pollo Carrefour El Mercado 500 g aprox,Desconocido,EL MERCADO,3.24 €,"6,49 €/kg"
Carne (Aves),Jamoncitos de pollo Carrefour El Mercado 800 g aprox,Desconocido,EL MERCADO,3.59 €,"4,49 €/kg"
Carne (Aves),Patas de pollo Carreofur El Mercado 400 g aprox,Desconocido,EL MERCADO,1.84 €,"4,60 €/kg"
Carne (Aves),"Pechuga de pollo Carrefour El Mercado 1,2 kg aprox",Desconocido,EL MERCADO,7.43 €,"6,19 €/kg"
Carne (Aves),Contramuslos de pollo con piel y hueso Carrefour El Mercado 1 kg aprox,Desconocido,EL MERCADO,3.59 €,"3,59 €/kg"
Carne (Aves),Jamoncitos de pollo Carrefour El Mercado 1 kg aprox,Desconocido,EL MERCADO,3.49 €,"3,49 €/kg"
Carne (Aves),Pechuga de pollo en filetes Carrefour El Mercado 1 kg aprox,Desconocido,EL MERCADO,7.39 €,"7,39 €/kg"
Carne (Aves),Pechuga de pollo fileteada marinada a las finas hierbas Coren 400 g aprox,Desconocido,Desconocido,3.28 €,"8,20 €/kg"
Carne (Aves),Jamoncitos de pollo certificado Carrefour 600 g aprox,España,CARREFOUR,3.06 €,"5,10 €/kg"
Carne (Aves),Pechuga de pollo certificado entera Carrefour 400 g aprox,España,CARREFOUR,3.8 €,"9,50 €/kg"
Carne (Aves),Traseros de Pollo Carrefour 1 kg aprox,España,CARREFOUR,2.99 €,"2,99 €/kg"
Carne (Aves),Carcasa de pollo Carrefour 800 g aprox,España,CARREFOUR,0.95 €,"1,19 €/kg"
Carne (Aves),Contras de pollo con piel Carrefour 800 g aprox,España,CARREFOUR,2.87 €,"3,59 €/kg"
Carne (Aves),Jamoncitos de pollo Carrefour 850 g aprox,España,CARREFOUR,2.97 €,"3,49 €/kg"
Carne (Aves),Medio Pollo Certificado troceado 1 kg aprox,España,CARREFOUR,6.05 €,"6,05 €/kg"
Carne (Aves),Jamoncito de pollo ecológico Carrefour Bio 500 g aprox,España,CARREFOUR,6.97 €,"13,95 €/kg"
Carne (Aves),Pechuga de Pollo Ecológica Carrefour Bio 500 g aprox,España,CARREFOUR,13.97 €,"27,95 €/kg"
Carne (Aves),Pechuga de Pollo Fileteada Ecológica Carrefour Bio 550 g aprox,España,CARREFOUR,15.92 €,"28,95 €/kg"
Carne (Aves),Escalope de Pollo Ecológico Carrefour Bio 220 g,España,CARREFOUR,3.52 €,"15,99 €/kg"
Carne (Aves),Cuellos de pollo Carrefour El Mercado 500 g aprox,Desconocido,EL MERCADO,2.5 €,5 €/kg
Carne (Aves),"Traseros de Pollo Carrefour 1,5 kg aprox",España,CARREFOUR,4.03 €,"2,69 €/kg"
Carne (Aves),"Pechuga de Pollo Entera Carrefour 1,1 kg aprox",España,CARREFOUR,6.81 €,"6,19 €/kg"
Carne (Aves),"Alas de Pollo Carrefour 1,4 kg aprox",España,CARREFOUR,5.94 €,"4,24 €/kg"
Carne (Aves),Solomillo de Pollo Marinado al Ajillo Coren 300 g aprox,España,MARCA NACIONAL SIN MARCA,3.07 €,"10,25 €/kg"
Carne (Aves),Traseros de pollo certificado 1 kg aprox,España,CARREFOUR,5 €,5 €/kg
Carne (Aves),Alas de Pollo Certificado Carrefour 500 g aprox,España,CARREFOUR,3.15 €,"6,30 €/kg"
Pescado Fresco,Lubina 600 g aprox,España,CARREFOUR,5.85 €,"9,75 €/kg"
Pescado Fresco,Dorada de ración Carrefour 600 g aprox,España,CARREFOUR,5.55 €,"9,25 €/kg"
Pescado Fresco,Perca en filete 1 kg aprox,Desconocido,Desconocido,17.95 €,"17,95 €/kg"
Pescado Fresco,Corvina Círculo de Calidad 2 kg aprox,Desconocido,CIRCULO DE CALIDAD,21.9 €,"10,95 €/kg"
Pescado Fresco,Dorada Círculo de Calidad 700 g aprox,Desconocido,CIRCULO DE CALIDAD,11.86 €,"16,95 €/kg"
Pescado Fresco,Lubina Círculo de Calidad 800 g aprox,Desconocido,CIRCULO DE CALIDAD,14.36 €,"17,95 €/kg"
Pescado Fresco,Raya 500 g aprox,Desconocido,Desconocido,8.97 €,"17,95 €/kg"
Pescado Fresco,Bacaladilla 600 g aprox,Desconocido,Desconocido,3.29 €,"5,49 €/kg"
Pescado Fresco,Cabeza de Rape 1 kg aprox,Desconocido,Desconocido,6.9 €,"6,90 €/kg"
Pescado Fresco,Chicharro 1 kg aprox,Desconocido,Desconocido,8.95 €,"8,95 €/kg"
Pescado Fresco,"Bacalao 1,5 kg aprox",España,MARCA NACIONAL SIN MARCA,16.12 €,"10,75 €/kg"
Pescado Fresco,"Rape blanco 2,5 kg aprox",Desconocido,Desconocido,37.37 €,"14,95 €/kg"
Pescado Fresco,Pescadilla fina 800 g aprox,Desconocido,Desconocido,7.96 €,"9,95 €/kg"
Pescado Fresco,"Merluza de lonja 1,5 kg aprox",Desconocido,Desconocido,23.92 €,"15,95 €/kg"
Pescado Fresco,Solomillo de atún 120 g aprox,Desconocido,Desconocido,4.5 €,"37,50 €/kg"
Pescado Fresco,Salmón en rodaja Calidad y Origen Carrefour 300 g aprox,Desconocido,CIRCULO DE CALIDAD,5.32 €,"17,73 €/kg"
Pescado Fresco,Salmón en filete Calidad y Origen Carrefour 400 g aprox,Desconocido,CIRCULO DE CALIDAD,8.59 €,"21,48 €/kg"
Pescado Fresco,Lomo de salmón Calidad y Origen Carrefour 400 g aprox,Desconocido,CIRCULO DE CALIDAD,9.58 €,"23,95 €/kg"
Pescado Fresco,"Pez Espada 1,2 kg aprox",Desconocido,Desconocido,17.94 €,"14,95 €/kg"
Pescado Fresco,Rosada en filete 600 g aprox,Desconocido,Desconocido,10.17 €,"16,95 €/kg"
Pescado Fresco,Salmón corte Maestro Mowi 460 g,España,Desconocido,17.95 €,"39,02 €/kg"
Pescado Fresco,Salmón corte maestro Mowi pack de 2 unidades de 115 g,España,Desconocido,10.65 €,"46,30 €/kg"
Pescado Fresco,Salmón 3 kg aprox,España,CARREFOUR,32.85 €,"10,95 €/kg"
Pescado Fresco,Boquerones 1 kg aprox,España,MARCA NACIONAL SIN MARCA,5.95 €,"5,95 €/kg"
Pescado Fresco,Lomo de Atún 400 g aprox,España,MARCA NACIONAL SIN MARCA,7.96 €,"19,90 €/kg"
Pescado Fresco,Caella 1 Kg aprox,Desconocido,Desconocido,9.99 €,"9,99 €/kg"
Pescado Fresco,"Salmón media pieza 1,5 kg aprox",España,CARREFOUR,16.42 €,"10,95 €/kg"
Pescado Fresco,Trucha asalmonada Círculo de Calidad 600 g aprox,Desconocido,CIRCULO DE CALIDAD,5.09 €,"8,49 €/kg"
Pescado Fresco,Filete de salmón Carrefour Bio 300 g aprox,España,CARREFOUR BIO,13.18 €,"43,95 €/kg"
Pescado Fresco,Lomos de salmón Carrefour Bio 300 g aprox,España,CARREFOUR BIO,13.48 €,"44,95 €/kg"
Pescado Fresco,Rodaballo Círculo de calidad 2 kg aprox,Desconocido,CIRCULO DE CALIDAD,37.9 €,"18,95 €/kg"
Pescado Fresco,Preparado para sopa de marisco y pescado Carrefour 400 g.,Francia,CARREFOUR,4.65 €,"11,62 €/kg"
Pescado Fresco,Berberecho fresco 500 g,España,Desconocido,6.2 €,"12,40 €/kg"
Pescado Fresco,Mejillón pasteurizado fresco cocido ecológico Carrefour Bio 800 g,España,CARREFOUR BIO,4.95 €,"6,19 €/kg"
Pescado Fresco,Mejillón fresco ecológico Carrefour Bio 1 kg,España,CARREFOUR BIO,2.99 €,"2,99 €/kg"
Pescado Fresco,Mejillón fresco cocido en su jugo 900 g,España,MARCA NACIONAL SIN MARCA,6.95 €,"7,72 €/kg"
Pescado Fresco,Mejillón fresco cocido en salmuera Mares de Galicia 300 g,España,Desconocido,6.99 €,"23,30 €/kg"
Pescado Fresco,Mejillones frescos de campaña en escabeche 8/12 Pay Pay 70 g.,España,PAY PAY,4.75 €,"67,86 €/kg"
Pescado Fresco,Salpicón de marisco con vinagreta Carrefour El Mercado 400 g,España,Desconocido,4.76 €,"11,90 €/kg"
Pescado Fresco,Filete de Dorada Carrefour El Mercado 240 g aprox,España,CARREFOUR,5.4 €,"22,50 €/kg"
Legumbres,Garbanzos cocidos categoría extra Classic Carrefour 400 g.,España,CARREFOUR,0.75 €,"1,87 €/kg"
Legumbres,Garbanzo cocido categoría extra Luengo 400 g.,España,LUENGO,1.31 €,"3,27 €/kg"
Legumbres,Garbanzo pedrosillano categoría extra Luengo 1 kg.,España,LUENGO,3.79 €,"3,79 €/kg"
Legumbres,Garbanzos cocidos sin sal añadida categoría extra Classic Carrefour 400 g.,España,CARREFOUR,0.75 €,"1,87 €/kg"
Legumbres,Garbanzos con su sofrito Hoy Legumbres Litoral sin gluten 440 g.,Desconocido,LITORAL,2.15 €,"4,89 €/kg"
Legumbres,Garbanzo castellano categoría extra De Nuestra Tierra 1 kg.,España,DE NUESTRA TIERRA,3.79 €,"3,79 €/kg"
Legumbres,Lenteja pardina Don Pedro 1 kg.,España,DON PEDRO,4.39 €,"4,39 €/kg"
Legumbres,Garbanzo pedrosillano Classic Carrefour 400 g.,España,CARREFOUR,0.95 €,"2,37 €/kg"
Legumbres,Alubias rojas cocidas Classic Carrefour 400 g.,España,CARREFOUR,1.25 €,"3,12 €/kg"
Legumbres,Garbanzo baby cocido Don Pedro 400 g.,España,DON PEDRO,1.95 €,"4,87 €/kg"
Legumbres,Lenteja pardina Don Pedro 500 g.,España,DON PEDRO,1.99 €,"3,98 €/kg"
Legumbres,Alubia frijol negro Classic Carrefour 500 g.,España,CARREFOUR,1.25 €,"2,50 €/kg"
Legumbres,Lenteja pardina categoría extra La Asturiana 1 kg.,España,LA ASTURIANA,5.45 €,"5,45 €/kg"
Legumbres,Alubia blanca cocida La Asturiana 400 g.,España,LA ASTURIANA,1.94 €,"4,85 €/kg"
Legumbres,Alubia blanca categoría extra Luengo 1 kg.,España,LUENGO,4.25 €,"4,25 €/kg"
Legumbres,Alubia pinta categoría extra Luengo 1 kg.,España,LUENGO,4.89 €,"4,89 €/kg"
Legumbres,Alubia cocida categoría extra Luengo 400 g.,España,LUENGO,1.31 €,"3,27 €/kg"
Legumbres,Lenteja cocida categoría extra Luengo 400 g.,España,LUENGO,1.31 €,"3,27 €/kg"
Legumbres,Alubia morada Luengo 1 kg.,España,LUENGO,5.49 €,"5,49 €/kg"
Legumbres,Garbanzo categoría extra Luengo 1 kg.,España,LUENGO,4.39 €,"4,39 €/kg"
Legumbres,Lenteja rápida categoría extra Luengo 1 kg.,España,LUENGO,4.15 €,"4,15 €/kg"
Legumbres,Lenteja pardina categoría extra Luengo 500 g.,España,LUENGO,2.09 €,"4,18 €/kg"
Legumbres,Lenteja categoría extra Luengo 1 kg.,España,LUENGO,4.15 €,"4,15 €/kg"
Legumbres,Lenteja pardina categoría extra Luengo 1 kg.,España,LUENGO,3.79 €,"3,79 €/kg"
Legumbres,Alubia roja ecológica Pedro Luis 500 g.,España,PEDRO LUIS,3.6 €,"7,20 €/kg"
Legumbres,Lenteja categoría extra ecológica Luengo 500 g.,España,LUENGO,3.99 €,"7,98 €/kg"
Legumbres,Lenteja categoría extra Carrefour 1 kg.,España,CARREFOUR,2.09 €,"2,09 €/kg"
Legumbres,Alubia blanca Pedro 1 kg.,España,PEDRO,3.65 €,"3,65 €/kg"
Legumbres,Alubia blanca riñón categoría extra De Nuestra Tierra 1 kg.,España,DE NUESTRA TIERRA,4.49 €,"4,49 €/kg"
Legumbres,Lenteja pardina categoría extra De Nuestra Tierra 1 kg.,España,DE NUESTRA TIERRA,3.59 €,"3,59 €/kg"
Legumbres,Garbanzo pedrosillano extra ecológico Carrefour Bio 500 g.,España,CARREFOUR BIO,3.25 €,"6,50 €/kg"
Legumbres,Lenteja categoría extra ecológica Carrefour Bio 500 g.,España,CARREFOUR BIO,1.82 €,"3,64 €/kg"
Legumbres,Lenteja verdina Don Pedro 1 kg.,España,DON PEDRO,4.09 €,"4,09 €/kg"
Legumbres,Alubia blanca ecológica Baena 500 g.,España,EL SEGADOR,3.19 €,"6,38 €/kg"
Legumbres,Lenteja pardina ecológica Baena 500 g.,España,EL SEGADOR,3.15 €,"6,30 €/kg"
Legumbres,Alubia pinta categoría extra De Nuestra Tierra 1 kg.,España,DE NUESTRA TIERRA,4.39 €,"4,39 €/kg"
Legumbres,Lentejas cocidas ecológicas Carrefour Bio sin sal añadida 400 g.,España,CARREFOUR BIO,3.15 €,"7,87 €/kg"
Legumbres,Alubia cocida ecológica Carrefour Bio sin sal añadida 400 g.,España,CARREFOUR BIO,3.55 €,"8,87 €/kg"
Legumbres,Garbanzos cocidos ecológicos Carrefour Bio sin sal añadida 400 g.,España,CARREFOUR BIO,3.09 €,"7,72 €/kg"
Legumbres,Garbanzo pedrosillano categoría extra De Nuestra Tierra 1 kg.,España,DE NUESTRA TIERRA,3.69 €,"3,69 €/kg"
Congelados (Carne),Hamburguesa de pollo congelada Simon´s Food 3x80g,España,Desconocido,1.29 €,"5,37 €/kg"
Congelados (Carne),Albondigas de pollo congeladas Simon´s Food 1 Kg,España,Desconocido,6.49 €,"6,49 €/kg"
Congelados (Carne),Jamoncitos de Pollo Congelado 1 kg,Desconocido,Desconocido,3.3 €,"3,30 €/kg"
Congelados (Carne),Solomillo de pollo congelado Luxus 700 g,España,MARCA NACIONAL SIN MARCA,5.75 €,"8,21 €/kg"
Congelados (Carne),Alas de Pollo Congeladas 1 kg,Desconocido,Desconocido,3.6 €,"3,60 €/kg"
Congelados (Carne),Carne de vieira con coral congelada Carrefour Extra 300 g.,España,CARREFOUR,13.95 €,"46,50 €/kg"
Congelados (Carne),Carne de vieira con coral congelada Carrefour el Mercado 250 g,España,CARREFOUR,11.95 €,"47,80 €/kg"
Congelados (Carne),Cuartos de Pollo Congelado 2 kg,Desconocido,Desconocido,5.9 €,"2,95 €/kg"
Congelados (Carne),"Pizza con salami, carne nduja y queso Creazione Buitoni 430 g.",Desconocido,BUITONI,6.69 €,"15,56 €/kg"
Congelados (Carne),Carne zamburiña congelado Delfín 270 g.,España,DELFIN,12.65 €,"46,85 €/kg"
Congelados (Carne),Carne de Volandeira ultracongelada Carrefour El Mercado 250 g,España,CARREFOUR,11.95 €,"47,80 €/kg"
Congelados (Carne),Carne de mejillón cocido 80/120 Carrefour Classic 400 g.,Francia,CARREFOUR,3.39 €,"8,47 €/kg"
Congelados (Carne),Carne de Mejillón Cocida 275 g,España,EL MERCADO,2.35 €,"8,55 €/kg"
Congelados (Carne),Pechuga rellena de jamón y queso El Mercado sin gluten 450 g aprox,Desconocido,EL MERCADO,5.4 €,"11,99 €/kg"
Congelados (Carne),Nugget de pollo Carrefour El Mercado 300 g,España,EL MERCADO,2.69 €,"2,69 €/ud"
Congelados (Carne),Filetes de pollo empanado El Mercado sin gluten 500 g aprox,Desconocido,EL MERCADO,4.21 €,"8,43 €/kg"
Congelados (Carne),Burguer cruchy El Mercado sin gluten 240 g,España,EL MERCADO,1.85 €,"1,85 €/ud"
Congelados (Carne),Flamenquín de pollo y queso El Mercado sin gluten 300 g,España,EL MERCADO,3.29 €,"3,29 €/ud"
Congelados (Carne),Alitas de pollo estilo americano La Cocinera 400 g.,España,LA COCINERA,5.69 €,"14,22 €/kg"
Congelados (Carne),Nuggets Recetas Crujientes La Cocinera 350 g.,España,LA COCINERA,5.25 €,15 €/kg
Congelados (Carne),Alitas de pollo marinadas sabor barbacoa La Cocinera 300 g.,España,LA COCINERA,5.59 €,"18,63 €/kg"
Congelados (Carne),Nuggets con queso Recetas Crujientes La Cocinera 350 g.,España,LA COCINERA,5.25 €,15 €/kg
Congelados (Carne),Pechuga de pollo estilo Kentucky Maheso 250 g.,España,MAHESO,4.15 €,"16,60 €/kg"
Congelados (Carne),Canelones de carne de cerdo Carrefour Extra 500 g.,España,CARREFOUR,2.59 €,"5,18 €/kg"
Congelados (Carne),Empanadillas de carne Recetas Artesanas La Cocinera 312 g.,España,LA COCINERA,5.49 €,"17,60 €/kg"
Congelados (Carne),Lasaña de Carne Price 300 g.,España,PRIMER PRECIO SIN MARCA,1.23 €,"4,10 €/kg"
Congelados (Carne),Canelones de carne Price 300 g.,España,PRIMER PRECIO SIN MARCA,1.08 €,"3,60 €/kg"
Congelados (Carne),Canelones de Carne La Cocinera 500 g,España,LA COCINERA,3.99 €,"7,98 €/kg"
Congelados (Carne),Canelones con carne de cerdo Carrefour pack de 2 unidades de 500 g.,Francia,CARREFOUR,5.19 €,"5,19 €/kg"
Congelados (Carne),Fideos salteados con carne de vacuno y cebolla Carrefour Sensation 300 g.,Francia,CARREFOUR,5.55 €,"18,50 €/kg"
Congelados (Carne),Gyozas de carne Vici 400 g.,Desconocido,VICI,4.39 €,"10,97 €/kg"
Congelados (Carne),San Jacobo empanado El Mercado sin gluten 340 g,España,EL MERCADO,2.17 €,"2,17 €/ud"
Congelados (Carne),Finger de pollo empanado El Mercado sin gluten 300 g aprox,Desconocido,EL MERCADO,2.61 €,"8,69 €/kg"
Congelados (Carne),Nuggets rebozado fino Recetas Crujientes La Cocinera 400 g.,España,LA COCINERA,5.25 €,"13,12 €/kg"
Congelados (Carne),Herramienta De Acero Inoxidable Para Formar Rollos De Carne Congelada Y Cocida,Desconocido,PUNNYB,70.99 €,-
Congelados (Carne),"Herramienta De Cocina Para Prensar Rollos De Carne, Jamón Y Carne Congelada: Molde De Acero Inoxidable Duradero Para Cocinar En Casa.",Desconocido,PUNNYB,50.56 €,-
Congelados (Carne),Hamburguesas de Vacuno Añojo Círculo de Calidad 2x150 g,España,CIRCULO DE CALIDAD,4.75 €,"15,83 €/kg"
Congelados (Carne),Carré de Cordero Lechal Deovino 800 g aprox,España,MARCA NACIONAL SIN MARCA,19.92 €,"24,90 €/kg"
Congelados (Carne),San Jacobos recetas crujientes La Cocinera 388 g.,España,LA COCINERA,5.85 €,"15,08 €/kg"
Congelados (Carne),Empanada  de carne Pukka Pies 240 g.,Desconocido,PUKKA PIES,4.19 €,"17,46 €/kg"
